Customer_ID,Customer_Name
C0001,Priya Gupta
C0002,Amit Saxena
C0003,Nisha Gupta
C0004,Neha Tiwari
C0005,Priya Mishra
C0006,Shreya Agarwal
C0007,Karan Yadav
C0008,Priya Kumar
C0009,Rohan Yadav
C0010,Shreya Yadav
C0011,Sneha Kumar
C0012,Rahul Mishra
C0013,Amit Mehta
C0014,Aditya Singh
C0015,Rahul Yadav
C0016,Manish Singh
C0017,Priya Singh
C0018,Rohan Kumar
C0019,Rahul Gupta
C0020,Nisha Mehta
C0021,Kavita Gupta
C0022,Kavita Tiwari
C0023,Priya Saxena
C0024,Pooja Yadav
C0025,Ravi Saxena
C0026,Kavita Verma
C0027,Meera Joshi
C0028,Ravi Mehta
C0029,Karan Sharma
C0030,Aditya Saxena
C0031,Ravi Mishra
C0032,Shreya Joshi
C0033,Meera Tiwari
C0034,Kavita Agarwal
C0035,Nisha Yadav
C0036,Ravi Sharma
C0037,Anjali Chauhan
C0038,Amit Patel
C0039,Vikas Kumar
C0040,Karan Yadav
C0041,Shreya Mishra
C0042,Amit Chauhan
C0043,Manish Mishra
C0044,Varun Saxena
C0045,Karan Sharma
C0046,Arjun Mehta
C0047,Amit Tiwari
C0048,Simran Sharma
C0049,Simran Verma
C0050,Aditya Agarwal
C0051,Ravi Chauhan
C0052,Priya Joshi
C0053,Pooja Patel
C0054,Sneha Agarwal
C0055,Kavita Kumar
C0056,Rohan Agarwal
C0057,Manish Mishra
C0058,Manish Sharma
C0059,Rahul Kumar
C0060,Manish Verma
C0061,Rahul Gupta
C0062,Simran Joshi
C0063,Vikas Mishra
C0064,Nisha Sharma
C0065,Neha Mehta
C0066,Amit Agarwal
C0067,Simran Chauhan
C0068,Amit Singh
C0069,Nisha Sharma
C0070,Shreya Mishra
C0071,Amit Agarwal
C0072,Aditya Sharma
C0073,Karan Gupta
C0074,Kavita Sharma
C0075,Shreya Yadav
C0076,Nisha Yadav
C0077,Rahul Joshi
C0078,Anjali Mishra
C0079,Amit Chauhan
C0080,Rohan Yadav
C0081,Sneha Chauhan
C0082,Amit Tiwari
C0083,Priya Saxena
C0084,Ravi Mishra
C0085,Shreya Gupta
C0086,Rohan Joshi
C0087,Pooja Saxena
C0088,Aditya Yadav
C0089,Rohan Agarwal
C0090,Karan Agarwal
C0091,Neha Joshi
C0092,Anjali Saxena
C0093,Varun Mishra
C0094,Nisha Sharma
C0095,Rohan Patel
C0096,Rahul Yadav
C0097,Manish Tiwari
C0098,Manish Gupta
C0099,Nisha Saxena
C0100,Rahul Kumar
C0101,Ravi Yadav
C0102,Ravi Agarwal
C0103,Shreya Kumar
C0104,Karan Agarwal
C0105,Neha Agarwal
C0106,Simran Verma
C0107,Varun Yadav
C0108,Amit Gupta
C0109,Ravi Verma
C0110,Arjun Yadav
C0111,Vikas Mishra
C0112,Priya Agarwal
C0113,Amit Verma
C0114,Ravi Verma
C0115,Rahul Verma
C0116,Vikas Mehta
C0117,Sneha Singh
C0118,Meera Yadav
C0119,Amit Yadav
C0120,Shreya Agarwal
C0121,Rohan Saxena
C0122,Shreya Kumar
C0123,Kavita Patel
C0124,Aditya Saxena
C0125,Rahul Gupta
C0126,Varun Tiwari
C0127,Kavita Yadav
C0128,Aditya Verma
C0129,Ravi Kumar
C0130,Meera Joshi
C0131,Rahul Saxena
C0132,Meera Mehta
C0133,Kavita Yadav
C0134,Varun Singh
C0135,Priya Yadav
C0136,Manish Yadav
C0137,Nisha Yadav
C0138,Simran Verma
C0139,Manish Yadav
C0140,Arjun Tiwari
C0141,Anjali Mishra
C0142,Priya Tiwari
C0143,Nisha Mishra
C0144,Ravi Gupta
C0145,Anjali Tiwari
C0146,Shreya Mishra
C0147,Simran Singh
C0148,Pooja Singh
C0149,Vikas Agarwal
C0150,Meera Yadav
C0151,Priya Mishra
C0152,Priya Mehta
C0153,Aditya Gupta
C0154,Neha Patel
C0155,Varun Saxena
C0156,Karan Verma
C0157,Manish Gupta
C0158,Manish Mehta
C0159,Varun Yadav
C0160,Sneha Chauhan
C0161,Manish Agarwal
C0162,Varun Gupta
C0163,Karan Sharma
C0164,Anjali Singh
C0165,Rahul Mishra
C0166,Kavita Chauhan
C0167,Rohan Patel
C0168,Shreya Sharma
C0169,Kavita Agarwal
C0170,Rohan Yadav
C0171,Simran Verma
C0172,Meera Tiwari
C0173,Priya Patel
C0174,Ravi Mehta
C0175,Pooja Chauhan
C0176,Varun Sharma
C0177,Karan Chauhan
C0178,Aditya Verma
C0179,Amit Tiwari
C0180,Vikas Gupta
C0181,Anjali Mishra
C0182,Simran Mishra
C0183,Priya Mehta
C0184,Rahul Patel
C0185,Anjali Verma
C0186,Priya Gupta
C0187,Ravi Kumar
C0188,Ravi Tiwari
C0189,Arjun Gupta
C0190,Kavita Tiwari
C0191,Manish Verma
C0192,Pooja Agarwal
C0193,Amit Singh
C0194,Manish Mehta
C0195,Shreya Agarwal
C0196,Vikas Saxena
C0197,Arjun Agarwal
C0198,Amit Joshi
C0199,Aditya Mishra
C0200,Manish Singh
C0201,Priya Mehta
C0202,Nisha Saxena
C0203,Nisha Agarwal
C0204,Simran Kumar
C0205,Kavita Kumar
C0206,Arjun Verma
C0207,Sneha Sharma
C0208,Sneha Verma
C0209,Amit Mishra
C0210,Rahul Sharma
C0211,Nisha Joshi
C0212,Karan Agarwal
C0213,Rahul Sharma
C0214,Sneha Chauhan
C0215,Nisha Chauhan
C0216,Pooja Kumar
C0217,Pooja Singh
C0218,Pooja Joshi
C0219,Karan Verma
C0220,Ravi Sharma
C0221,Simran Saxena
C0222,Rohan Patel
C0223,Sneha Mishra
C0224,Sneha Agarwal
C0225,Nisha Mishra
C0226,Shreya Verma
C0227,Aditya Singh
C0228,Kavita Tiwari
C0229,Priya Gupta
C0230,Rohan Patel
C0231,Neha Kumar
C0232,Neha Patel
C0233,Simran Agarwal
C0234,Meera Sharma
C0235,Manish Agarwal
C0236,Simran Gupta
C0237,Simran Verma
C0238,Aditya Sharma
C0239,Neha Agarwal
C0240,Neha Mehta
C0241,Karan Chauhan
C0242,Amit Saxena
C0243,Arjun Mishra
C0244,Anjali Mishra
C0245,Rohan Patel
C0246,Rohan Tiwari
C0247,Rahul Kumar
C0248,Amit Yadav
C0249,Priya Singh
C0250,Rohan Verma
C0251,Manish Mishra
C0252,Arjun Joshi
C0253,Aditya Sharma
C0254,Priya Kumar
C0255,Neha Patel
C0256,Amit Kumar
C0257,Priya Yadav
C0258,Manish Saxena
C0259,Arjun Tiwari
C0260,Sneha Verma
C0261,Nisha Yadav
C0262,Rohan Singh
C0263,Rahul Gupta
C0264,Karan Joshi
C0265,Aditya Yadav
C0266,Sneha Tiwari
C0267,Priya Sharma
C0268,Shreya Singh
C0269,Neha Verma
C0270,Pooja Verma
C0271,Rohan Agarwal
C0272,Rahul Saxena
C0273,Meera Saxena
C0274,Shreya Gupta
C0275,Nisha Agarwal
C0276,Simran Yadav
C0277,Rohan Tiwari
C0278,Nisha Sharma
C0279,Meera Gupta
C0280,Simran Yadav
C0281,Rahul Saxena
C0282,Simran Agarwal
C0283,Rahul Joshi
C0284,Pooja Singh
C0285,Aditya Chauhan
C0286,Anjali Mehta
C0287,Karan Patel
C0288,Neha Chauhan
C0289,Meera Chauhan
C0290,Shreya Verma
C0291,Aditya Joshi
C0292,Amit Verma
C0293,Arjun Chauhan
C0294,Simran Mishra
C0295,Kavita Gupta
C0296,Shreya Agarwal
C0297,Anjali Mishra
C0298,Rahul Gupta
C0299,Rahul Saxena
C0300,Anjali Saxena
C0301,Arjun Yadav
C0302,Anjali Singh
C0303,Rohan Chauhan
C0304,Meera Singh
C0305,Vikas Singh
C0306,Amit Yadav
C0307,Priya Gupta
C0308,Simran Kumar
C0309,Vikas Mishra
C0310,Amit Mehta
C0311,Vikas Agarwal
C0312,Shreya Tiwari
C0313,Neha Joshi
C0314,Shreya Singh
C0315,Karan Gupta
C0316,Pooja Patel
C0317,Sneha Sharma
C0318,Amit Tiwari
C0319,Neha Mehta
C0320,Neha Saxena
C0321,Manish Tiwari
C0322,Aditya Tiwari
C0323,Simran Joshi
C0324,Anjali Tiwari
C0325,Rohan Mishra
C0326,Rahul Mishra
C0327,Arjun Verma
C0328,Rahul Saxena
C0329,Nisha Kumar
C0330,Amit Kumar
C0331,Shreya Gupta
C0332,Nisha Kumar
C0333,Aditya Tiwari
C0334,Pooja Singh
C0335,Rahul Singh
C0336,Varun Mishra
C0337,Vikas Mehta
C0338,Priya Joshi
C0339,Shreya Chauhan
C0340,Arjun Gupta
C0341,Pooja Mehta
C0342,Shreya Saxena
C0343,Karan Sharma
C0344,Rohan Gupta
C0345,Pooja Verma
C0346,Nisha Verma
C0347,Kavita Sharma
C0348,Nisha Singh
C0349,Rohan Kumar
C0350,Priya Agarwal
C0351,Sneha Tiwari
C0352,Amit Patel
C0353,Varun Verma
C0354,Aditya Mehta
C0355,Nisha Chauhan
C0356,Shreya Yadav
C0357,Amit Tiwari
C0358,Arjun Singh
C0359,Manish Sharma
C0360,Shreya Gupta
C0361,Rahul Verma
C0362,Priya Kumar
C0363,Ravi Singh
C0364,Priya Tiwari
C0365,Nisha Saxena
C0366,Kavita Mehta
C0367,Aditya Yadav
C0368,Anjali Joshi
C0369,Aditya Mishra
C0370,Neha Singh
C0371,Priya Verma
C0372,Rohan Joshi
C0373,Rohan Saxena
C0374,Varun Gupta
C0375,Simran Agarwal
C0376,Nisha Chauhan
C0377,Vikas Gupta
C0378,Nisha Tiwari
C0379,Anjali Agarwal
C0380,Ravi Tiwari
C0381,Shreya Singh
C0382,Rahul Mehta
C0383,Meera Chauhan
C0384,Rohan Agarwal
C0385,Meera Joshi
C0386,Meera Singh
C0387,Manish Joshi
C0388,Sneha Joshi
C0389,Shreya Patel
C0390,Rahul Yadav
C0391,Pooja Saxena
C0392,Manish Yadav
C0393,Pooja Tiwari
C0394,Shreya Saxena
C0395,Varun Mehta
C0396,Karan Verma
C0397,Anjali Sharma
C0398,Simran Sharma
C0399,Varun Singh
C0400,Kavita Saxena
C0401,Simran Saxena
C0402,Nisha Joshi
C0403,Anjali Singh
C0404,Meera Singh
C0405,Sneha Mehta
C0406,Aditya Kumar
C0407,Ravi Joshi
C0408,Neha Saxena
C0409,Kavita Agarwal
C0410,Sneha Joshi
C0411,Ravi Patel
C0412,Karan Yadav
C0413,Meera Joshi
C0414,Nisha Saxena
C0415,Vikas Yadav
C0416,Kavita Kumar
C0417,Sneha Singh
C0418,Priya Chauhan
C0419,Ravi Chauhan
C0420,Rohan Yadav
C0421,Priya Kumar
C0422,Rohan Saxena
C0423,Anjali Joshi
C0424,Aditya Chauhan
C0425,Anjali Saxena
C0426,Shreya Verma
C0427,Ravi Joshi
C0428,Anjali Saxena
C0429,Kavita Agarwal
C0430,Rahul Patel
C0431,Rohan Gupta
C0432,Simran Joshi
C0433,Ravi Joshi
C0434,Manish Verma
C0435,Amit Mishra
C0436,Kavita Mishra
C0437,Karan Sharma
C0438,Nisha Tiwari
C0439,Nisha Chauhan
C0440,Amit Yadav
C0441,Manish Patel
C0442,Rahul Singh
C0443,Priya Chauhan
C0444,Simran Yadav
C0445,Karan Saxena
C0446,Sneha Chauhan
C0447,Shreya Chauhan
C0448,Shreya Patel
C0449,Varun Chauhan
C0450,Karan Joshi
C0451,Sneha Sharma
C0452,Anjali Kumar
C0453,Manish Verma
C0454,Kavita Mishra
C0455,Rahul Yadav
C0456,Rohan Gupta
C0457,Simran Agarwal
C0458,Pooja Joshi
C0459,Amit Yadav
C0460,Arjun Saxena
C0461,Priya Singh
C0462,Shreya Kumar
C0463,Ravi Sharma
C0464,Meera Patel
C0465,Ravi Mishra
C0466,Aditya Chauhan
C0467,Kavita Singh
C0468,Arjun Kumar
C0469,Simran Verma
C0470,Karan Chauhan
C0471,Nisha Chauhan
C0472,Kavita Singh
C0473,Aditya Singh
C0474,Simran Agarwal
C0475,Aditya Singh
C0476,Arjun Gupta
C0477,Amit Chauhan
C0478,Neha Yadav
C0479,Anjali Verma
C0480,Amit Tiwari
C0481,Amit Mishra
C0482,Manish Chauhan
C0483,Nisha Patel
C0484,Priya Mishra
C0485,Priya Singh
C0486,Pooja Agarwal
C0487,Aditya Mishra
C0488,Karan Yadav
C0489,Simran Singh
C0490,Karan Mehta
C0491,Anjali Singh
C0492,Rahul Patel
C0493,Aditya Agarwal
C0494,Karan Sharma
C0495,Arjun Saxena
C0496,Pooja Yadav
C0497,Pooja Kumar
C0498,Karan Mehta
C0499,Kavita Yadav
C0500,Sneha Agarwal
C0501,Priya Mehta
C0502,Kavita Tiwari
C0503,Rohan Verma
C0504,Karan Verma
C0505,Kavita Agarwal
C0506,Sneha Tiwari
C0507,Pooja Saxena
C0508,Anjali Verma
C0509,Manish Patel
C0510,Karan Patel
C0511,Manish Patel
C0512,Vikas Mishra
C0513,Pooja Singh
C0514,Aditya Tiwari
C0515,Manish Singh
C0516,Meera Tiwari
C0517,Karan Mishra
C0518,Varun Mehta
C0519,Meera Agarwal
C0520,Rohan Verma
C0521,Priya Kumar
C0522,Nisha Saxena
C0523,Ravi Patel
C0524,Meera Gupta
C0525,Meera Verma
C0526,Pooja Kumar
C0527,Ravi Verma
C0528,Nisha Saxena
C0529,Amit Mehta
C0530,Aditya Agarwal
C0531,Amit Yadav
C0532,Manish Chauhan
C0533,Rohan Kumar
C0534,Simran Chauhan
C0535,Varun Kumar
C0536,Rohan Saxena
C0537,Pooja Mishra
C0538,Rohan Kumar
C0539,Manish Gupta
C0540,Meera Verma
C0541,Meera Tiwari
C0542,Arjun Gupta
C0543,Arjun Mehta
C0544,Meera Sharma
C0545,Pooja Saxena
C0546,Arjun Mehta
C0547,Manish Sharma
C0548,Anjali Kumar
C0549,Karan Mehta
C0550,Anjali Yadav
C0551,Priya Singh
C0552,Sneha Sharma
C0553,Simran Verma
C0554,Amit Kumar
C0555,Manish Mishra
C0556,Anjali Singh
C0557,Shreya Agarwal
C0558,Priya Mehta
C0559,Sneha Joshi
C0560,Neha Mishra
C0561,Rohan Verma
C0562,Pooja Kumar
C0563,Manish Saxena
C0564,Rohan Mehta
C0565,Simran Chauhan
C0566,Aditya Sharma
C0567,Meera Patel
C0568,Pooja Mishra
C0569,Nisha Chauhan
C0570,Meera Kumar
C0571,Varun Kumar
C0572,Arjun Verma
C0573,Pooja Chauhan
C0574,Manish Agarwal
C0575,Rohan Joshi
C0576,Varun Chauhan
C0577,Arjun Kumar
C0578,Ravi Kumar
C0579,Sneha Patel
C0580,Neha Singh
C0581,Pooja Joshi
C0582,Anjali Chauhan
C0583,Rahul Patel
C0584,Aditya Verma
C0585,Shreya Joshi
C0586,Sneha Saxena
C0587,Meera Mishra
C0588,Amit Saxena
C0589,Vikas Gupta
C0590,Shreya Gupta
C0591,Vikas Verma
C0592,Rohan Mehta
C0593,Arjun Verma
C0594,Rahul Joshi
C0595,Amit Mishra
C0596,Ravi Gupta
C0597,Kavita Singh
C0598,Anjali Patel
C0599,Karan Agarwal
C0600,Amit Mishra
C0601,Shreya Gupta
C0602,Neha Saxena
C0603,Manish Joshi
C0604,Rahul Kumar
C0605,Vikas Yadav
C0606,Rohan Patel
C0607,Manish Tiwari
C0608,Pooja Singh
C0609,Kavita Patel
C0610,Simran Yadav
C0611,Neha Verma
C0612,Simran Chauhan
C0613,Vikas Gupta
C0614,Varun Agarwal
C0615,Amit Singh
C0616,Rahul Joshi
C0617,Simran Yadav
C0618,Manish Patel
C0619,Aditya Kumar
C0620,Anjali Verma
C0621,Anjali Joshi
C0622,Karan Verma
C0623,Manish Saxena
C0624,Rohan Tiwari
C0625,Shreya Verma
C0626,Nisha Yadav
C0627,Aditya Kumar
C0628,Vikas Mehta
C0629,Simran Tiwari
C0630,Aditya Agarwal
C0631,Nisha Joshi
C0632,Rahul Chauhan
C0633,Sneha Patel
C0634,Sneha Joshi
C0635,Meera Verma
C0636,Rohan Mehta
C0637,Simran Patel
C0638,Meera Yadav
C0639,Rahul Joshi
C0640,Manish Yadav
C0641,Manish Joshi
C0642,Priya Verma
C0643,Rahul Gupta
C0644,Rohan Saxena
C0645,Vikas Kumar
C0646,Kavita Kumar
C0647,Anjali Verma
C0648,Ravi Kumar
C0649,Anjali Joshi
C0650,Vikas Saxena
C0651,Aditya Agarwal
C0652,Kavita Sharma
C0653,Aditya Mehta
C0654,Nisha Gupta
C0655,Karan Saxena
C0656,Rohan Singh
C0657,Sneha Chauhan
C0658,Manish Joshi
C0659,Pooja Singh
C0660,Simran Kumar
C0661,Nisha Gupta
C0662,Manish Agarwal
C0663,Kavita Mehta
C0664,Priya Sharma
C0665,Sneha Kumar
C0666,Manish Saxena
C0667,Nisha Verma
C0668,Neha Agarwal
C0669,Kavita Sharma
C0670,Meera Tiwari
C0671,Meera Saxena
C0672,Simran Tiwari
C0673,Rohan Verma
C0674,Sneha Sharma
C0675,Amit Singh
C0676,Ravi Agarwal
C0677,Ravi Patel
C0678,Shreya Joshi
C0679,Kavita Gupta
C0680,Arjun Yadav
C0681,Aditya Saxena
C0682,Arjun Agarwal
C0683,Meera Verma
C0684,Arjun Sharma
C0685,Ravi Verma
C0686,Pooja Gupta
C0687,Kavita Gupta
C0688,Rohan Agarwal
C0689,Aditya Yadav
C0690,Rohan Verma
C0691,Rohan Singh
C0692,Simran Joshi
C0693,Sneha Yadav
C0694,Neha Mehta
C0695,Manish Tiwari
C0696,Priya Chauhan
C0697,Rahul Yadav
C0698,Meera Saxena
C0699,Varun Sharma
C0700,Meera Mishra
C0701,Karan Joshi
C0702,Neha Kumar
C0703,Arjun Tiwari
C0704,Pooja Joshi
C0705,Nisha Verma
C0706,Manish Mehta
C0707,Pooja Verma
C0708,Varun Yadav
C0709,Pooja Patel
C0710,Varun Chauhan
C0711,Vikas Joshi
C0712,Kavita Yadav
C0713,Ravi Mehta
C0714,Simran Kumar
C0715,Manish Patel
C0716,Ravi Singh
C0717,Rohan Kumar
C0718,Nisha Chauhan
C0719,Priya Joshi
C0720,Simran Mishra
C0721,Kavita Joshi
C0722,Arjun Verma
C0723,Karan Sharma
C0724,Arjun Joshi
C0725,Sneha Kumar
C0726,Meera Kumar
C0727,Vikas Verma
C0728,Nisha Kumar
C0729,Varun Agarwal
C0730,Aditya Mishra
C0731,Arjun Sharma
C0732,Amit Chauhan
C0733,Varun Chauhan
C0734,Meera Verma
C0735,Anjali Verma
C0736,Priya Tiwari
C0737,Kavita Yadav
C0738,Karan Verma
C0739,Aditya Mishra
C0740,Shreya Singh
C0741,Shreya Gupta
C0742,Aditya Chauhan
C0743,Anjali Tiwari
C0744,Varun Mishra
C0745,Anjali Yadav
C0746,Sneha Yadav
C0747,Shreya Chauhan
C0748,Varun Mehta
C0749,Priya Kumar
C0750,Nisha Joshi
C0751,Karan Saxena
C0752,Manish Saxena
C0753,Neha Sharma
C0754,Kavita Sharma
C0755,Meera Chauhan
C0756,Priya Mishra
C0757,Amit Kumar
C0758,Neha Kumar
C0759,Karan Joshi
C0760,Arjun Gupta
C0761,Sneha Verma
C0762,Sneha Patel
C0763,Rahul Sharma
C0764,Amit Agarwal
C0765,Arjun Patel
C0766,Karan Agarwal
C0767,Rohan Chauhan
C0768,Anjali Chauhan
C0769,Kavita Chauhan
C0770,Kavita Mehta
C0771,Meera Verma
C0772,Neha Mishra
C0773,Neha Patel
C0774,Amit Joshi
C0775,Simran Tiwari
C0776,Amit Kumar
C0777,Manish Mehta
C0778,Shreya Verma
C0779,Shreya Kumar
C0780,Sneha Verma
C0781,Sneha Kumar
C0782,Amit Tiwari
C0783,Vikas Saxena
C0784,Meera Gupta
C0785,Neha Verma
C0786,Sneha Sharma
C0787,Vikas Yadav
C0788,Simran Singh
C0789,Sneha Agarwal
C0790,Pooja Sharma
C0791,Amit Chauhan
C0792,Vikas Singh
C0793,Ravi Joshi
C0794,Ravi Mishra
C0795,Sneha Yadav
C0796,Karan Patel
C0797,Meera Verma
C0798,Shreya Mishra
C0799,Kavita Sharma
C0800,Amit Saxena
C0801,Priya Tiwari
C0802,Neha Singh
C0803,Kavita Mishra
C0804,Arjun Agarwal
C0805,Ravi Chauhan
C0806,Rahul Agarwal
C0807,Arjun Yadav
C0808,Rohan Kumar
C0809,Varun Kumar
C0810,Meera Tiwari
C0811,Varun Joshi
C0812,Pooja Tiwari
C0813,Vikas Singh
C0814,Manish Sharma
C0815,Amit Gupta
C0816,Ravi Singh
C0817,Vikas Mishra
C0818,Manish Yadav
C0819,Neha Kumar
C0820,Manish Joshi
C0821,Rohan Saxena
C0822,Meera Agarwal
C0823,Meera Mehta
C0824,Pooja Agarwal
C0825,Shreya Yadav
C0826,Kavita Joshi
C0827,Varun Gupta
C0828,Anjali Verma
C0829,Sneha Saxena
C0830,Manish Yadav
C0831,Amit Singh
C0832,Kavita Tiwari
C0833,Sneha Patel
C0834,Aditya Verma
C0835,Aditya Gupta
C0836,Karan Agarwal
C0837,Shreya Chauhan
C0838,Vikas Joshi
C0839,Shreya Mehta
C0840,Shreya Chauhan
C0841,Rahul Chauhan
C0842,Ravi Singh
C0843,Manish Joshi
C0844,Rohan Kumar
C0845,Kavita Mishra
C0846,Rohan Joshi
C0847,Manish Chauhan
C0848,Neha Tiwari
C0849,Vikas Kumar
C0850,Sneha Singh
C0851,Neha Mehta
C0852,Varun Gupta
C0853,Karan Kumar
C0854,Karan Joshi
C0855,Nisha Gupta
C0856,Amit Verma
C0857,Varun Chauhan
C0858,Priya Agarwal
C0859,Aditya Yadav
C0860,Nisha Saxena
C0861,Priya Gupta
C0862,Sneha Gupta
C0863,Manish Joshi
C0864,Shreya Verma
C0865,Manish Singh
C0866,Arjun Verma
C0867,Anjali Agarwal
C0868,Pooja Kumar
C0869,Karan Kumar
C0870,Pooja Singh
C0871,Aditya Yadav
C0872,Sneha Mishra
C0873,Manish Saxena
C0874,Anjali Sharma
C0875,Pooja Agarwal
C0876,Meera Sharma
C0877,Sneha Patel
C0878,Nisha Kumar
C0879,Pooja Gupta
C0880,Pooja Saxena
C0881,Priya Chauhan
C0882,Sneha Patel
C0883,Sneha Sharma
C0884,Priya Yadav
C0885,Pooja Tiwari
C0886,Rohan Mishra
C0887,Varun Singh
C0888,Arjun Saxena
C0889,Manish Tiwari
C0890,Anjali Sharma
C0891,Shreya Kumar
C0892,Neha Kumar
C0893,Anjali Saxena
C0894,Shreya Tiwari
C0895,Shreya Agarwal
C0896,Ravi Sharma
C0897,Priya Singh
C0898,Sneha Patel
C0899,Kavita Joshi
C0900,Ravi Agarwal
C0901,Simran Kumar
C0902,Nisha Tiwari
C0903,Kavita Singh
C0904,Rahul Tiwari
C0905,Meera Gupta
C0906,Arjun Joshi
C0907,Aditya Mehta
C0908,Karan Chauhan
C0909,Ravi Mehta
C0910,Rahul Agarwal
C0911,Anjali Kumar
C0912,Arjun Gupta
C0913,Anjali Patel
C0914,Rahul Mishra
C0915,Rohan Yadav
C0916,Meera Patel
C0917,Shreya Patel
C0918,Pooja Tiwari
C0919,Rohan Saxena
C0920,Neha Saxena
C0921,Sneha Saxena
C0922,Varun Patel
C0923,Karan Singh
C0924,Arjun Yadav
C0925,Rahul Verma
C0926,Pooja Patel
C0927,Nisha Sharma
C0928,Meera Tiwari
C0929,Kavita Patel
C0930,Sneha Verma
C0931,Aditya Singh
C0932,Varun Agarwal
C0933,Meera Mishra
C0934,Simran Singh
C0935,Arjun Verma
C0936,Priya Verma
C0937,Ravi Saxena
C0938,Ravi Chauhan
C0939,Arjun Kumar
C0940,Vikas Mishra
C0941,Pooja Saxena
C0942,Anjali Mehta
C0943,Neha Sharma
C0944,Pooja Agarwal
C0945,Vikas Mishra
C0946,Amit Sharma
C0947,Karan Joshi
C0948,Aditya Mishra
C0949,Varun Tiwari
C0950,Simran Mehta
C0951,Pooja Patel
C0952,Kavita Mishra
C0953,Rohan Chauhan
C0954,Anjali Singh
C0955,Nisha Joshi
C0956,Amit Yadav
C0957,Arjun Chauhan
C0958,Priya Chauhan
C0959,Rahul Mishra
C0960,Anjali Mehta
C0961,Neha Verma
C0962,Pooja Joshi
C0963,Simran Mehta
C0964,Vikas Mehta
C0965,Anjali Gupta
C0966,Shreya Kumar
C0967,Ravi Patel
C0968,Shreya Sharma
C0969,Pooja Gupta
C0970,Pooja Mishra
C0971,Rahul Joshi
C0972,Amit Agarwal
C0973,Priya Yadav
C0974,Amit Gupta
C0975,Amit Agarwal
C0976,Arjun Sharma
C0977,Shreya Agarwal
C0978,Meera Patel
C0979,Ravi Sharma
C0980,Rohan Gupta
C0981,Vikas Yadav
C0982,Shreya Mishra
C0983,Vikas Mehta
C0984,Anjali Agarwal
C0985,Arjun Saxena
C0986,Arjun Mehta
C0987,Manish Mishra
C0988,Sneha Sharma
C0989,Anjali Gupta
C0990,Nisha Mehta
C0991,Kavita Sharma
C0992,Karan Gupta
C0993,Ravi Chauhan
C0994,Priya Verma
C0995,Kavita Kumar
C0996,Simran Chauhan
C0997,Simran Yadav
C0998,Karan Tiwari
C0999,Shreya Yadav
C1000,Meera Chauhan
